,date,totalLiquidityUSD
0,2022-06-02 02:00:00,28482726.88563
1,2022-06-03 02:00:00,30459541.99734
2,2022-06-04 02:00:00,39194135.18038
3,2022-06-05 02:00:00,39295424.83857
4,2022-06-06 02:00:00,42037041.17403
5,2022-06-07 02:00:00,48716309.76363
6,2022-06-08 02:00:00,44992244.22231
7,2022-06-09 02:00:00,36167041.97133
8,2022-06-10 02:00:00,26221917.69488
9,2022-06-11 02:00:00,25913870.78465
10,2022-06-12 02:00:00,25011646.70753
11,2022-06-13 02:00:00,22190015.6905
12,2022-06-14 02:00:00,13390006.89574
13,2022-06-15 02:00:00,12719131.60506
14,2022-06-16 02:00:00,12579359.44001
15,2022-06-17 02:00:00,12016178.49819
16,2022-06-18 02:00:00,12089028.57868
17,2022-06-19 02:00:00,11506481.18399
18,2022-06-20 02:00:00,11531502.50524
19,2022-06-21 02:00:00,11426881.5548
20,2022-06-22 02:00:00,11787180.44858
21,2022-06-23 02:00:00,12247556.41597
22,2022-06-24 02:00:00,12736742.41882
23,2022-06-25 02:00:00,14019266.94074
24,2022-06-26 02:00:00,14297705.49382
25,2022-06-27 02:00:00,14352277.34409
26,2022-06-28 02:00:00,14344173.25076
27,2022-06-29 02:00:00,14377403.182
28,2022-06-30 02:00:00,14494290.59657
29,2022-07-01 02:00:00,14902968.01321
30,2022-07-02 02:00:00,15014121.19654
31,2022-07-03 02:00:00,12943543.99839
32,2022-07-04 02:00:00,13360630.91592
33,2022-07-05 02:00:00,14250862.34703
34,2022-07-06 02:00:00,14057470.27223
35,2022-07-07 02:00:00,14256821.89959
36,2022-07-08 02:00:00,15401439.49088
37,2022-07-09 02:00:00,18362350.41561
38,2022-07-10 02:00:00,19989585.56452
39,2022-07-11 02:00:00,22978227.30053
40,2022-07-12 02:00:00,24457694.25309
41,2022-07-13 02:00:00,24586302.57625
42,2022-07-14 02:00:00,26322834.76077
43,2022-07-15 02:00:00,31997014.80789
44,2022-07-16 02:00:00,37078246.13328
45,2022-07-17 02:00:00,49721812.11046
46,2022-07-18 02:00:00,52827317.37209
47,2022-07-19 02:00:00,61957373.25407
48,2022-07-20 02:00:00,65854549.11359
49,2022-07-21 02:00:00,71816949.65981
50,2022-07-22 02:00:00,74578747.49168
51,2022-07-23 02:00:00,77947603.43175
52,2022-07-24 02:00:00,80220038.54691
53,2022-07-25 02:00:00,83176502.25751
54,2022-07-26 02:00:00,85557108.03252
55,2022-07-27 02:00:00,88786181.65883
56,2022-07-28 02:00:00,103499371.59364
57,2022-07-29 02:00:00,112450356.06173
58,2022-07-30 02:00:00,126083683.46813
59,2022-07-31 02:00:00,136628242.81807
60,2022-08-01 02:00:00,136857947.0601
61,2022-08-02 02:00:00,135910684.33908
62,2022-08-03 02:00:00,130889771.19196
63,2022-08-04 02:00:00,135832959.36005
64,2022-08-05 02:00:00,123902830.16339
65,2022-08-06 02:00:00,131699476.7249
66,2022-08-07 02:00:00,129047201.10391
67,2022-08-08 02:00:00,126550321.82821
68,2022-08-09 02:00:00,128820895.56388
69,2022-08-10 02:00:00,121680122.68951
70,2022-08-11 02:00:00,121376740.42353
71,2022-08-12 02:00:00,109448085.5044
72,2022-08-13 02:00:00,103082391.01001
73,2022-08-14 02:00:00,95769054.45517
74,2022-08-15 02:00:00,90913942.62578
75,2022-08-16 02:00:00,84057832.31959
76,2022-08-17 02:00:00,82371936.59393
77,2022-08-18 02:00:00,78307464.85969
78,2022-08-19 02:00:00,80817357.88606
79,2022-08-20 02:00:00,78681531.27408
80,2022-08-21 02:00:00,73295882.33046
81,2022-08-22 02:00:00,73781169.22714
82,2022-08-23 02:00:00,74176677.03117
83,2022-08-24 02:00:00,75185774.09809
84,2022-08-25 02:00:00,76466228.26677
85,2022-08-26 02:00:00,74436486.17742
86,2022-08-27 02:00:00,71492535.02568
87,2022-08-28 02:00:00,71383255.50133
88,2022-08-29 02:00:00,70601304.48716
89,2022-08-30 02:00:00,70994996.83717
90,2022-08-31 02:00:00,69247016.21523
91,2022-09-01 02:00:00,69262753.89155
92,2022-09-02 02:00:00,69740094.89671
93,2022-09-03 02:00:00,68810590.78608
94,2022-09-04 02:00:00,68719038.27169
95,2022-09-05 02:00:00,68387944.84535
96,2022-09-06 02:00:00,66124379.13557
97,2022-09-07 02:00:00,64159729.76089
98,2022-09-08 02:00:00,66013110.16468
99,2022-09-09 02:00:00,63917030.47131
100,2022-09-10 02:00:00,64459638.78172
101,2022-09-11 02:00:00,64626048.36414
102,2022-09-12 02:00:00,63991254.75788
103,2022-09-13 02:00:00,63058777.77608
104,2022-09-14 02:00:00,58958167.08727
105,2022-09-15 02:00:00,56159535.45164
106,2022-09-16 02:00:00,55072987.07898
107,2022-09-17 02:00:00,56259224.70699
108,2022-09-18 02:00:00,58890652.33724
109,2022-09-19 02:00:00,56771745.67469
110,2022-09-20 02:00:00,56746822.30269
111,2022-09-21 02:00:00,56480609.37195
112,2022-09-22 02:00:00,55286144.77207
113,2022-09-23 02:00:00,55826841.4949
114,2022-09-24 02:00:00,56034525.4832
115,2022-09-25 02:00:00,55742733.43182
116,2022-09-26 02:00:00,55630673.94438
117,2022-09-27 02:00:00,56743345.22545
118,2022-09-28 02:00:00,56261194.32975
119,2022-09-29 02:00:00,56420148.6062
120,2022-09-30 02:00:00,56259603.43101
121,2022-10-01 02:00:00,56538722.23699
122,2022-10-02 02:00:00,56610233.67681
123,2022-10-03 02:00:00,56199296.96343
124,2022-10-04 02:00:00,57078773.9021
125,2022-10-05 02:00:00,57795864.32511
126,2022-10-06 02:00:00,58662051.55145
127,2022-10-07 02:00:00,64613457.687
128,2022-10-08 02:00:00,61778898.25619
129,2022-10-09 02:00:00,62829674.54944
130,2022-10-10 02:00:00,69112414.2913
131,2022-10-11 02:00:00,69933054.14986
132,2022-10-12 02:00:00,69517291.19572
133,2022-10-13 02:00:00,66593947.5091
134,2022-10-14 02:00:00,77009424.84144
135,2022-10-15 02:00:00,78870732.23604
136,2022-10-16 02:00:00,78775845.57587
137,2022-10-17 02:00:00,80096614.71956
138,2022-10-18 02:00:00,82042595.67321
139,2022-10-19 02:00:00,83782050.73016
140,2022-10-20 02:00:00,83528679.7746
141,2022-10-21 02:00:00,80914847.56265
142,2022-10-22 02:00:00,78207722.8367
143,2022-10-23 02:00:00,77416642.6017
144,2022-10-24 02:00:00,78077320.01138
145,2022-10-25 02:00:00,77981461.65405
146,2022-10-26 02:00:00,80496030.85733
147,2022-10-27 02:00:00,82157438.93364
148,2022-10-28 02:00:00,80951644.3172
149,2022-10-29 02:00:00,84721768.36858
150,2022-10-30 02:00:00,87687538.00559
151,2022-10-31 01:00:00,86767415.26267
152,2022-11-01 01:00:00,86500545.49757
153,2022-11-02 01:00:00,86915073.12856
154,2022-11-03 01:00:00,86148772.58656
155,2022-11-04 01:00:00,86457866.08176
156,2022-11-05 01:00:00,89302327.89978
157,2022-11-06 01:00:00,89550473.85204
158,2022-11-07 01:00:00,88571001.93275
159,2022-11-08 01:00:00,87529481.88188
160,2022-11-09 01:00:00,74874256.75265
161,2022-11-10 01:00:00,67121729.22561
162,2022-11-11 01:00:00,67513633.77837
163,2022-11-12 01:00:00,66229449.49216
164,2022-11-13 01:00:00,64504702.43084
165,2022-11-14 01:00:00,63224044.51213
166,2022-11-15 01:00:00,61380913.60069
167,2022-11-16 01:00:00,62995779.83635
168,2022-11-17 01:00:00,64444012.17989
169,2022-11-18 01:00:00,65726458.78099
170,2022-11-19 01:00:00,66423330.38497
171,2022-11-20 01:00:00,66883235.32009
172,2022-11-21 01:00:00,64853807.53509
173,2022-11-22 01:00:00,64293489.96083
174,2022-11-23 01:00:00,65126255.56306
175,2022-11-24 01:00:00,67230688.5901
176,2022-11-25 01:00:00,67551811.30897
177,2022-11-26 01:00:00,68474128.44939
178,2022-11-27 01:00:00,69367726.85113
179,2022-11-28 01:00:00,68772118.71863
180,2022-11-29 01:00:00,67681560.21002
181,2022-11-30 01:00:00,69592169.28545
182,2022-12-01 01:00:00,70630942.60952
183,2022-12-02 01:00:00,70959555.2025
184,2022-12-03 01:00:00,72564181.01884
185,2022-12-04 01:00:00,72794776.36505
186,2022-12-05 01:00:00,74024118.09648
187,2022-12-06 01:00:00,73536780.81246
188,2022-12-07 01:00:00,75435781.5744
189,2022-12-08 01:00:00,75289064.80804
190,2022-12-09 01:00:00,76681218.74502
191,2022-12-10 01:00:00,76535404.91126
192,2022-12-11 01:00:00,75395137.00588
193,2022-12-12 01:00:00,78116914.14727
194,2022-12-13 01:00:00,77609571.95206
195,2022-12-14 01:00:00,78534223.39295
196,2022-12-15 01:00:00,77587168.41041
197,2022-12-16 01:00:00,74834083.90142
198,2022-12-17 01:00:00,71938739.29234
199,2022-12-18 01:00:00,71167719.33185
200,2022-12-19 01:00:00,71235041.81481
201,2022-12-20 01:00:00,71744839.64218
202,2022-12-21 01:00:00,74842064.31283
203,2022-12-22 01:00:00,75236618.73983
204,2022-12-23 01:00:00,75583176.87754
205,2022-12-24 01:00:00,75969979.83141
206,2022-12-25 01:00:00,76120808.71641
207,2022-12-26 01:00:00,75789980.5879
208,2022-12-27 01:00:00,75965635.80819
209,2022-12-28 01:00:00,75925910.35909
210,2022-12-29 01:00:00,75054153.9167
211,2022-12-30 01:00:00,76222749.42179
212,2022-12-31 01:00:00,75911217.53563
213,2023-01-01 01:00:00,75048565.4008
214,2023-01-02 01:00:00,74915691.58121
215,2023-01-03 01:00:00,75178121.71088
216,2023-01-04 01:00:00,74964564.56899
217,2023-01-05 01:00:00,76252128.57505
218,2023-01-06 01:00:00,76144290.4137
219,2023-01-07 01:00:00,77287808.80095
220,2023-01-08 01:00:00,77920518.49226
221,2023-01-09 01:00:00,79166762.20377
222,2023-01-10 01:00:00,81065709.0311
223,2023-01-11 01:00:00,82468325.40854
224,2023-01-12 01:00:00,88008651.60102
225,2023-01-13 01:00:00,87549696.07938
226,2023-01-14 01:00:00,93103686.01847
227,2023-01-15 01:00:00,92665316.45018
228,2023-01-16 01:00:00,94402198.26277
229,2023-01-17 01:00:00,95679185.80944
230,2023-01-18 01:00:00,98425958.14928
231,2023-01-19 01:00:00,97653184.71367
232,2023-01-20 01:00:00,100929112.16698
233,2023-01-21 01:00:00,105082077.09393
234,2023-01-22 01:00:00,106679965.64288
235,2023-01-23 01:00:00,109397957.20152
236,2023-01-24 01:00:00,109555046.27045
237,2023-01-25 01:00:00,112236407.71796
238,2023-01-26 01:00:00,122199525.63186
239,2023-01-27 01:00:00,126858129.7531
240,2023-01-28 01:00:00,130673722.62086
241,2023-01-29 01:00:00,132425905.3473
242,2023-01-30 01:00:00,134785635.73123
243,2023-01-31 01:00:00,133560195.4909
244,2023-02-01 01:00:00,137767589.79783
245,2023-02-02 01:00:00,143722759.68616
246,2023-02-03 01:00:00,146451020.97455
247,2023-02-04 01:00:00,150515195.67428
248,2023-02-05 01:00:00,156049179.07761
249,2023-02-06 01:00:00,157595844.44191
250,2023-02-07 01:00:00,167730656.9912
251,2023-02-08 01:00:00,179436759.57801
252,2023-02-09 01:00:00,183593627.43614
253,2023-02-10 01:00:00,183636376.66287
254,2023-02-11 01:00:00,182709857.65399
255,2023-02-12 01:00:00,189396279.21894
256,2023-02-13 01:00:00,191785577.5088
257,2023-02-14 01:00:00,193390626.36486
258,2023-02-15 01:00:00,197958312.57253
259,2023-02-16 01:00:00,205780506.81574
260,2023-02-17 01:00:00,206584767.89145
261,2023-02-18 01:00:00,220840400.76029
262,2023-02-19 01:00:00,223901187.16117
263,2023-02-20 01:00:00,232721111.02007
264,2023-02-21 01:00:00,248209706.35059
265,2023-02-22 01:00:00,268193061.41565
266,2023-02-23 01:00:00,271408391.17552
267,2023-02-24 01:00:00,280995873.0114
268,2023-02-25 01:00:00,294701437.36058
269,2023-02-26 01:00:00,296258786.62152
270,2023-02-27 01:00:00,311985791.59351
271,2023-02-28 01:00:00,314012892.93768
272,2023-03-01 01:00:00,317585386.99001
273,2023-03-02 01:00:00,324017466.31043
274,2023-03-03 01:00:00,322431132.4258
275,2023-03-04 01:00:00,311431796.28622
276,2023-03-05 01:00:00,308485766.80266
277,2023-03-06 01:00:00,311747407.08132
278,2023-03-07 01:00:00,313958694.19746
279,2023-03-08 01:00:00,314614573.08754
280,2023-03-09 01:00:00,309560075.33144
281,2023-03-10 01:00:00,294637467.33654
282,2023-03-11 01:00:00,263997031.81665
283,2023-03-12 01:00:00,202998117.60365
284,2023-03-13 01:00:00,219600808.71898
285,2023-03-14 01:00:00,240304127.57146
286,2023-03-15 01:00:00,254961991.92138
287,2023-03-16 01:00:00,255526113.97723
288,2023-03-17 01:00:00,278922634.53173
289,2023-03-18 01:00:00,300679403.01484
290,2023-03-19 01:00:00,299178926.44766
291,2023-03-20 01:00:00,301033943.68323
292,2023-03-21 01:00:00,300680337.70517
293,2023-03-22 01:00:00,300401989.90058
294,2023-03-23 01:00:00,297563330.72732
295,2023-03-24 01:00:00,297837031.15964
296,2023-03-25 01:00:00,284674298.55878
297,2023-03-26 01:00:00,283310931.29649
298,2023-03-27 02:00:00,284134673.41424
299,2023-03-28 02:00:00,280630161.23183
300,2023-03-29 02:00:00,280788309.90822
301,2023-03-30 02:00:00,281901959.65803
302,2023-03-31 02:00:00,282245386.28614
303,2023-04-01 02:00:00,266310378.3296
304,2023-04-02 02:00:00,271749590.73808
305,2023-04-03 02:00:00,270460732.08632
306,2023-04-04 02:00:00,268212607.46665
307,2023-04-05 02:00:00,275173498.57899
308,2023-04-06 02:00:00,278707744.32579
309,2023-04-07 02:00:00,271454354.04858
310,2023-04-08 02:00:00,267131375.21226
311,2023-04-09 02:00:00,267293974.09855
312,2023-04-10 02:00:00,264667009.5248
313,2023-04-11 02:00:00,265243530.3756
314,2023-04-12 02:00:00,261255433.26485
315,2023-04-13 02:00:00,259966746.26782
316,2023-04-14 02:00:00,268194344.67812
317,2023-04-15 02:00:00,271186130.09732
318,2023-04-16 02:00:00,273675357.81882
319,2023-04-17 02:00:00,276005301.06404
320,2023-04-18 02:00:00,280547592.07317
321,2023-04-19 02:00:00,287037768.33305
322,2023-04-20 02:00:00,282314566.19671
323,2023-04-21 02:00:00,281796797.92028
324,2023-04-22 02:00:00,275587195.49448
325,2023-04-23 02:00:00,278951337.43713
326,2023-04-24 02:00:00,281495686.36997
327,2023-04-25 02:00:00,287580466.77706
328,2023-04-26 02:00:00,290118876.15696
329,2023-04-27 02:00:00,293592184.06086
330,2023-04-28 02:00:00,296405381.78845
331,2023-04-29 02:00:00,295825698.41865
332,2023-04-30 02:00:00,296487821.8254
333,2023-05-01 02:00:00,294201846.51195
334,2023-05-02 02:00:00,292041644.52014
335,2023-05-03 02:00:00,290799614.37866
336,2023-05-04 02:00:00,288856222.88137
337,2023-05-05 02:00:00,280572024.37888
338,2023-05-06 02:00:00,287343033.07709
339,2023-05-07 02:00:00,275482770.51627
340,2023-05-08 02:00:00,272525982.14405
341,2023-05-09 02:00:00,266463648.28323
342,2023-05-10 02:00:00,264079301.74796
343,2023-05-11 02:00:00,260106724.58773
344,2023-05-12 02:00:00,250113859.80997
345,2023-05-13 02:00:00,248113388.29482
346,2023-05-14 02:00:00,245877704.56398
347,2023-05-15 02:00:00,244963826.5171
348,2023-05-16 02:00:00,247028259.69882
349,2023-05-17 02:00:00,246892234.51658
350,2023-05-18 02:00:00,245045838.18423
351,2023-05-19 02:00:00,243182546.51544
352,2023-05-20 02:00:00,243285514.60991
353,2023-05-21 02:00:00,243511636.99845
354,2023-05-22 02:00:00,241231146.08489
355,2023-05-23 02:00:00,241814158.17519
356,2023-05-24 02:00:00,245623478.88032
357,2023-05-25 02:00:00,236745789.25582
358,2023-05-26 02:00:00,237321514.91017
359,2023-05-27 02:00:00,238650946.18266
360,2023-05-28 02:00:00,238329131.83734
361,2023-05-29 02:00:00,238982452.51974
362,2023-05-30 02:00:00,235812494.30582
363,2023-05-31 02:00:00,234571401.07228
364,2023-06-01 02:00:00,228988908.06405
365,2023-06-02 02:00:00,226932208.49333
366,2023-06-03 02:00:00,228477389.39268
367,2023-06-04 02:00:00,230036657.03652
368,2023-06-05 02:00:00,231232551.82894
369,2023-06-06 02:00:00,224574818.12823
370,2023-06-07 02:00:00,226552467.51304
371,2023-06-08 02:00:00,232834686.22184
372,2023-06-09 02:00:00,234565528.59629
373,2023-06-10 02:00:00,233168195.67037
374,2023-06-11 02:00:00,219735729.41614
375,2023-06-12 02:00:00,219527877.68444
376,2023-06-13 02:00:00,219133801.2155
377,2023-06-14 02:00:00,221299931.74285
378,2023-06-15 02:00:00,212211866.92765
379,2023-06-16 02:00:00,208919908.77364
380,2023-06-17 02:00:00,202848758.80564
381,2023-06-18 02:00:00,204181015.27281
382,2023-06-19 02:00:00,202479101.67699
383,2023-06-20 02:00:00,203003307.7492
384,2023-06-21 02:00:00,205358654.89794
385,2023-06-22 02:00:00,208850530.22706
386,2023-06-23 02:00:00,202673751.72545
387,2023-06-24 02:00:00,194271850.82731998
388,2023-06-25 02:00:00,191358983.71982
389,2023-06-26 02:00:00,188159024.11725
390,2023-06-27 02:00:00,186459057.87032
391,2023-06-28 02:00:00,183742194.85868
392,2023-06-29 02:00:00,170871026.16495
393,2023-06-30 02:00:00,198021737.0079
394,2023-07-01 02:00:00,213114132.14366
395,2023-07-02 02:00:00,220863067.67627
396,2023-07-03 02:00:00,226261333.73794
397,2023-07-04 02:00:00,227935865.01015002
398,2023-07-05 02:00:00,231889158.48804
399,2023-07-06 02:00:00,231958060.61771
400,2023-07-07 02:00:00,226118972.82723
401,2023-07-08 02:00:00,219917724.22844
402,2023-07-09 02:00:00,222321348.51826
403,2023-07-10 02:00:00,222105900.74965
404,2023-07-11 02:00:00,220742350.26129
405,2023-07-12 02:00:00,218956896.13447002
406,2023-07-13 02:00:00,218552971.34976
407,2023-07-14 02:00:00,227156684.29876
408,2023-07-15 02:00:00,224657068.7441
409,2023-07-16 02:00:00,227051456.683
410,2023-07-17 02:00:00,230130687.38028002
411,2023-07-18 02:00:00,232220680.44158
412,2023-07-19 02:00:00,237099816.22691
413,2023-07-20 02:00:00,240876580.57024
414,2023-07-21 02:00:00,244143479.47603
415,2023-07-22 02:00:00,244365192.92963
416,2023-07-23 02:00:00,248769726.76051
417,2023-07-24 02:00:00,251443573.46907002
418,2023-07-25 02:00:00,248387745.01294002
419,2023-07-26 02:00:00,250829188.41050997
420,2023-07-27 02:00:00,256766645.70585
421,2023-07-28 02:00:00,258235186.73483002
422,2023-07-29 02:00:00,264135703.66353
423,2023-07-30 02:00:00,266540274.03677
424,2023-07-31 02:00:00,255819408.94358
425,2023-08-01 02:00:00,260754681.22107002
426,2023-08-02 02:00:00,248848528.52525002
427,2023-08-03 02:00:00,250097843.55074
428,2023-08-04 02:00:00,255266215.91141
429,2023-08-05 02:00:00,259645615.70364
430,2023-08-06 02:00:00,258627318.56387
431,2023-08-07 02:00:00,255580328.34469
432,2023-08-08 02:00:00,254561165.34127
433,2023-08-09 02:00:00,253045913.34328997
434,2023-08-10 02:00:00,242006822.07961
435,2023-08-11 02:00:00,228393613.73498002
436,2023-08-12 02:00:00,223615120.76850998
437,2023-08-13 02:00:00,224889855.68769
438,2023-08-14 02:00:00,222657472.28035
439,2023-08-15 02:00:00,221790743.65774998
440,2023-08-16 02:00:00,218890424.69044
441,2023-08-17 02:00:00,213276428.95483002
442,2023-08-18 02:00:00,199849179.96341002
443,2023-08-19 02:00:00,198728027.1344
444,2023-08-20 02:00:00,195808454.60706002
445,2023-08-21 02:00:00,200313267.13594
446,2023-08-22 02:00:00,201396532.94804
447,2023-08-23 02:00:00,203298514.47231
448,2023-08-24 02:00:00,200951303.22901
449,2023-08-25 02:00:00,199551068.69535
450,2023-08-26 02:00:00,197671882.46959
451,2023-08-27 02:00:00,196640380.05006
452,2023-08-28 02:00:00,196016604.34459
453,2023-08-29 02:00:00,192931024.69335
454,2023-08-30 02:00:00,196045715.30092
455,2023-08-31 02:00:00,187663789.00395
456,2023-09-01 02:00:00,165498784.97673002
457,2023-09-02 02:00:00,163589440.43346
458,2023-09-03 02:00:00,163536836.55054
459,2023-09-04 02:00:00,161090443.30813998
460,2023-09-05 02:00:00,161008089.66807997
461,2023-09-06 02:00:00,156266665.46028
462,2023-09-07 02:00:00,149923708.69435
463,2023-09-08 02:00:00,149061466.10274
464,2023-09-09 02:00:00,146524758.56533998
465,2023-09-10 02:00:00,146577125.73315
466,2023-09-11 02:00:00,145673731.98795998
467,2023-09-12 02:00:00,144191114.09829
468,2023-09-13 02:00:00,144321925.9461
469,2023-09-14 02:00:00,144028526.58747
470,2023-09-15 02:00:00,142714201.53193
471,2023-09-16 02:00:00,143739813.21395
472,2023-09-17 02:00:00,144842220.51221
473,2023-09-18 02:00:00,144638293.6909
474,2023-09-19 02:00:00,146386909.25719
475,2023-09-20 02:00:00,149217418.7826
476,2023-09-21 02:00:00,149633416.70593
477,2023-09-22 02:00:00,147587918.82509
478,2023-09-23 02:00:00,148253709.88052
479,2023-09-24 02:00:00,147536245.21174002
480,2023-09-25 02:00:00,146845357.46619
481,2023-09-26 02:00:00,147352803.46153
482,2023-09-27 02:00:00,146728230.3468
483,2023-09-28 02:00:00,147071536.02458
484,2023-09-29 02:00:00,146088678.66881
485,2023-09-30 02:00:00,147410235.82435998
486,2023-10-01 02:00:00,147781785.94533
487,2023-10-02 02:00:00,150491167.71608
488,2023-10-03 02:00:00,148970917.57857
489,2023-10-04 02:00:00,142769406.60516
490,2023-10-05 02:00:00,141674732.60639998
491,2023-10-06 02:00:00,138641281.89189997
492,2023-10-07 02:00:00,138858536.01981
493,2023-10-08 02:00:00,137999054.56991
494,2023-10-09 02:00:00,137530711.46932
495,2023-10-10 02:00:00,134206760.50347
496,2023-10-11 02:00:00,132141123.54664
497,2023-10-12 02:00:00,120806812.45149
498,2023-10-13 02:00:00,115050025.7423
499,2023-10-14 02:00:00,118336308.87753
500,2023-10-15 02:00:00,118333621.181
501,2023-10-16 02:00:00,118939702.88423
502,2023-10-17 02:00:00,120024093.74155
503,2023-10-18 02:00:00,119143566.37355
504,2023-10-19 02:00:00,120614389.64859
505,2023-10-20 02:00:00,121164491.9845
506,2023-10-21 02:00:00,124187102.74624
507,2023-10-22 02:00:00,125568684.59127
508,2023-10-23 02:00:00,126256642.34888
509,2023-10-24 02:00:00,125602323.94937
510,2023-10-25 02:00:00,123873554.93538001
511,2023-10-26 02:00:00,123023623.77369
512,2023-10-27 02:00:00,123958402.76941
513,2023-10-28 02:00:00,123444731.84316999
514,2023-10-29 02:00:00,123118093.86275001
515,2023-10-30 01:00:00,123301827.67411
516,2023-10-31 01:00:00,124165754.22102
517,2023-11-01 01:00:00,123932341.7846
518,2023-11-02 01:00:00,124529756.31111
519,2023-11-03 01:00:00,120259446.69408
520,2023-11-04 01:00:00,122542340.06762001
521,2023-11-05 01:00:00,121632148.12743
522,2023-11-06 01:00:00,122324717.58643
523,2023-11-07 01:00:00,121777065.38809
524,2023-11-08 01:00:00,120585061.3064
525,2023-11-09 01:00:00,123850798.40563
526,2023-11-10 01:00:00,135321700.62614
527,2023-11-11 01:00:00,142170426.07825002
528,2023-11-12 01:00:00,142825825.68531
529,2023-11-13 01:00:00,147125805.78854
530,2023-11-14 01:00:00,145141219.28151998
531,2023-11-15 01:00:00,145511008.41489
532,2023-11-16 01:00:00,145393068.86592
533,2023-11-17 01:00:00,137828942.90016
534,2023-11-18 01:00:00,137190771.80056
535,2023-11-19 01:00:00,135269367.91121
536,2023-11-20 01:00:00,136958082.28264
537,2023-11-21 01:00:00,139124755.39308
538,2023-11-22 01:00:00,134062749.17589
539,2023-11-23 01:00:00,137898869.05277
540,2023-11-24 01:00:00,138835410.3646
541,2023-11-25 01:00:00,142820108.12816
542,2023-11-26 01:00:00,141844859.69594
543,2023-11-27 01:00:00,141230626.65906
544,2023-11-28 01:00:00,139360047.46745
545,2023-11-29 01:00:00,139358533.9017
546,2023-11-30 01:00:00,136437836.8794
547,2023-12-01 01:00:00,129828065.94504
548,2023-12-02 01:00:00,130542364.13606
549,2023-12-03 01:00:00,133015394.06618999
550,2023-12-04 01:00:00,132735921.39184001
551,2023-12-05 01:00:00,133223500.02348
552,2023-12-06 01:00:00,132183132.51776001
553,2023-12-07 01:00:00,130726217.85559
554,2023-12-08 01:00:00,134132538.95585
555,2023-12-09 01:00:00,131248031.94126001
556,2023-12-10 01:00:00,129685969.73382
557,2023-12-11 01:00:00,129389893.03155
558,2023-12-12 01:00:00,126786253.52136
559,2023-12-13 01:00:00,124568113.55651
560,2023-12-14 01:00:00,125891318.15597999
561,2023-12-15 01:00:00,124545397.74395
562,2023-12-16 01:00:00,120618590.7984
563,2023-12-17 01:00:00,121423840.1091
564,2023-12-18 01:00:00,118812001.91608
565,2023-12-19 01:00:00,119205523.831
566,2023-12-20 01:00:00,116325016.18298
567,2023-12-21 01:00:00,138670772.9869
568,2023-12-22 01:00:00,140400775.11437002
569,2023-12-23 01:00:00,146504031.29896
570,2023-12-24 01:00:00,147611297.09476
571,2023-12-25 01:00:00,148069223.33642998
572,2023-12-26 01:00:00,148426828.19601998
573,2023-12-27 01:00:00,148258775.51552
574,2023-12-28 01:00:00,153655490.4289
575,2023-12-29 01:00:00,153812645.19177
576,2023-12-30 01:00:00,154581039.93603
577,2023-12-31 01:00:00,155689024.98993
578,2024-01-01 01:00:00,156503573.8711
579,2024-01-02 01:00:00,156318114.23726
580,2024-01-03 01:00:00,154831721.2288
581,2024-01-04 01:00:00,148253550.63522
582,2024-01-05 01:00:00,151104415.95677
583,2024-01-06 01:00:00,148294761.27851
584,2024-01-07 01:00:00,147614051.42165002
585,2024-01-08 01:00:00,144167671.42288
586,2024-01-09 01:00:00,147413390.9176
587,2024-01-10 01:00:00,151621769.56474
588,2024-01-11 01:00:00,155327716.63092
589,2024-01-12 01:00:00,157601326.18927
590,2024-01-13 01:00:00,153533092.2063
591,2024-01-14 01:00:00,154640393.50518999
592,2024-01-15 01:00:00,153004392.0498
593,2024-01-16 01:00:00,152469207.69168
594,2024-01-17 01:00:00,153537655.54477
595,2024-01-18 01:00:00,150748006.0357
596,2024-01-19 01:00:00,144904189.31932
597,2024-01-20 01:00:00,143111337.8981
598,2024-01-21 01:00:00,143327646.44356
599,2024-01-22 01:00:00,143058244.12655002
600,2024-01-23 01:00:00,137008007.61094
601,2024-01-24 01:00:00,133574762.17184
602,2024-01-25 01:00:00,133029807.45104
603,2024-01-26 01:00:00,135631501.13469002
604,2024-01-27 01:00:00,138771789.32156
605,2024-01-28 01:00:00,139690124.31296
606,2024-01-29 01:00:00,139906689.37454
607,2024-01-30 01:00:00,143174159.62788
608,2024-01-31 01:00:00,123214573.06173
609,2024-02-01 01:00:00,119860871.88679
610,2024-02-02 01:00:00,121517137.11857
611,2024-02-03 01:00:00,121584203.19710001
612,2024-02-04 01:00:00,120468317.54336001
613,2024-02-05 01:00:00,120464726.05495
614,2024-02-06 01:00:00,121557451.31698
615,2024-02-07 01:00:00,123865335.37841001
616,2024-02-08 01:00:00,123052382.99266
617,2024-02-09 01:00:00,122464889.4692
618,2024-02-10 01:00:00,124225087.49958
619,2024-02-11 01:00:00,123333084.34182
620,2024-02-12 01:00:00,125109125.97874999
621,2024-02-13 01:00:00,128428766.42048
622,2024-02-14 01:00:00,124571578.13225
623,2024-02-15 01:00:00,127266039.18137999
624,2024-02-16 01:00:00,127256312.8093
625,2024-02-17 01:00:00,125591971.0668
626,2024-02-18 01:00:00,125012308.45512
627,2024-02-19 01:00:00,128185467.84639001
628,2024-02-20 01:00:00,128815896.44922
629,2024-02-21 01:00:00,129626993.23893
630,2024-02-22 01:00:00,125458529.22434
631,2024-02-23 01:00:00,123913304.38268
632,2024-02-24 01:00:00,122143430.12958
633,2024-02-25 01:00:00,124342770.05341
634,2024-02-26 01:00:00,126319044.9025
635,2024-02-27 01:00:00,127371308.5775
636,2024-02-28 01:00:00,126178838.61028
637,2024-02-29 01:00:00,128040764.51825
638,2024-03-01 01:00:00,128252801.57834
639,2024-03-02 01:00:00,133805254.96977
640,2024-03-03 01:00:00,135827635.7917
641,2024-03-04 01:00:00,138755790.36990002
642,2024-03-05 01:00:00,139148788.81314
643,2024-03-06 01:00:00,139760042.68436003
644,2024-03-07 01:00:00,144579665.06344
645,2024-03-08 01:00:00,146116322.34638998
646,2024-03-09 01:00:00,143470685.25487998
647,2024-03-10 01:00:00,148160442.4114
648,2024-03-11 01:00:00,146605465.82897002
649,2024-03-12 01:00:00,152909645.11970997
650,2024-03-13 01:00:00,151407400.00435
651,2024-03-14 01:00:00,151727731.87533
652,2024-03-15 01:00:00,147036759.56888998
653,2024-03-16 01:00:00,142085488.58127
654,2024-03-17 01:00:00,135850391.90620998
655,2024-03-18 01:00:00,135090333.13173
656,2024-03-19 01:00:00,131266032.66989
657,2024-03-20 01:00:00,125345222.99428
658,2024-03-21 01:00:00,130801010.40799001
659,2024-03-22 01:00:00,130404351.8757
660,2024-03-23 01:00:00,129772013.99104
661,2024-03-24 01:00:00,132427494.23278
662,2024-03-25 01:00:00,135144458.30384
663,2024-03-26 01:00:00,140793674.47823
664,2024-03-27 01:00:00,143034673.771
665,2024-03-28 01:00:00,141350601.31274
666,2024-03-29 01:00:00,160621292.92788002
667,2024-03-30 01:00:00,166570049.60184002
668,2024-03-31 01:00:00,170608288.69647998
669,2024-04-01 02:00:00,173286981.43494
670,2024-04-02 02:00:00,172684616.36121997
671,2024-04-03 02:00:00,176802176.80906
672,2024-04-04 02:00:00,170686812.48327
673,2024-04-05 02:00:00,173762021.59519002
674,2024-04-06 02:00:00,175506433.23435
675,2024-04-07 02:00:00,178726289.87978002
676,2024-04-08 02:00:00,181825344.59135
677,2024-04-09 02:00:00,187319155.99735
678,2024-04-10 02:00:00,179259671.40402
679,2024-04-11 02:00:00,177304532.43932998
680,2024-04-12 02:00:00,176288229.53092998
681,2024-04-13 02:00:00,162443849.30948
682,2024-04-14 02:00:00,145286546.63794
683,2024-04-15 02:00:00,154920407.95467
684,2024-04-16 02:00:00,152125753.74468
685,2024-04-17 02:00:00,150613255.17059
686,2024-04-18 02:00:00,148397781.62379998
687,2024-04-19 02:00:00,152640446.33008
688,2024-04-20 02:00:00,154614900.3139
689,2024-04-21 02:00:00,157739128.49429
690,2024-04-22 02:00:00,160168835.14395002
691,2024-04-23 02:00:00,164616127.14921
692,2024-04-24 02:00:00,163457428.42004
693,2024-04-25 02:00:00,161465131.48582
694,2024-04-26 02:00:00,161762033.13911003
695,2024-04-27 02:00:00,159907503.23249
696,2024-04-28 02:00:00,163281010.75054002
697,2024-04-29 02:00:00,166573449.61467
698,2024-04-30 02:00:00,162244240.53156
699,2024-05-01 02:00:00,156194574.14806998
700,2024-05-02 02:00:00,156472018.11265
701,2024-05-03 02:00:00,159142100.76487002
702,2024-05-04 02:00:00,163275073.75950998
703,2024-05-05 02:00:00,163296106.9152
704,2024-05-06 02:00:00,162312960.9993
705,2024-05-07 02:00:00,160401107.71277002
706,2024-05-08 02:00:00,161414873.86196998
707,2024-05-09 02:00:00,159064966.2024
708,2024-05-10 02:00:00,158966884.76685
709,2024-05-11 02:00:00,154937558.88426
710,2024-05-12 02:00:00,154451980.90858
711,2024-05-13 02:00:00,154869572.04288
712,2024-05-14 02:00:00,153844548.97848
713,2024-05-15 02:00:00,146909390.21656
714,2024-05-16 02:00:00,149528175.00341
715,2024-05-17 02:00:00,141004554.16607
716,2024-05-18 02:00:00,144703900.2276
717,2024-05-19 02:00:00,144142633.98952
718,2024-05-20 02:00:00,142007504.36922
719,2024-05-21 02:00:00,150692643.05804998
720,2024-05-22 02:00:00,150708691.58756
721,2024-05-23 02:00:00,157839058.18599
722,2024-05-24 02:00:00,155581791.85167998
723,2024-05-25 02:00:00,154778782.14829
724,2024-05-26 02:00:00,155605242.53662002
725,2024-05-27 02:00:00,156797464.25987
726,2024-05-28 02:00:00,156650958.16353002
727,2024-05-29 02:00:00,158176535.95447
728,2024-05-30 02:00:00,154340733.39931002
729,2024-05-31 02:00:00,154349613.12840998
730,2024-06-01 02:00:00,152232125.83552998
731,2024-06-02 02:00:00,153107270.69517
732,2024-06-03 02:00:00,152491677.03551
733,2024-06-04 02:00:00,154670678.26277
734,2024-06-05 02:00:00,156264961.12526
735,2024-06-06 02:00:00,156295518.31492
736,2024-06-07 02:00:00,153321004.16101
737,2024-06-08 02:00:00,148564574.85308
738,2024-06-09 02:00:00,146684580.97761
739,2024-06-10 02:00:00,147152944.46466002
740,2024-06-11 02:00:00,145132813.90683
741,2024-06-12 02:00:00,135397276.46678
742,2024-06-13 02:00:00,136952342.82629
743,2024-06-14 02:00:00,131844038.5502
744,2024-06-15 02:00:00,129960034.09228
745,2024-06-16 02:00:00,132285759.53533
746,2024-06-17 02:00:00,133559017.70186001
747,2024-06-18 02:00:00,133446863.79163
748,2024-06-19 02:00:00,129000342.92080998
749,2024-06-20 02:00:00,122567662.66585
750,2024-06-21 02:00:00,115389827.71688999
751,2024-06-22 02:00:00,114811789.24414
752,2024-06-23 02:00:00,114426787.27524
753,2024-06-24 02:00:00,112592717.20540999
754,2024-06-25 02:00:00,110054153.06171
755,2024-06-26 02:00:00,111310735.74788001
756,2024-06-27 02:00:00,112411408.54354
757,2024-06-28 02:00:00,110742840.12482
758,2024-06-29 02:00:00,108514409.22571
759,2024-06-30 02:00:00,108237878.53068
760,2024-07-01 02:00:00,108996807.15304
761,2024-07-02 02:00:00,110250644.38366
762,2024-07-03 02:00:00,108818049.74119
763,2024-07-04 02:00:00,103782509.05879001
764,2024-07-05 02:00:00,100526244.86046001
765,2024-07-06 02:00:00,92652703.40512002
766,2024-07-07 02:00:00,95642339.66578001
767,2024-07-08 02:00:00,93779392.33325
768,2024-07-09 02:00:00,95654939.7315
769,2024-07-10 02:00:00,96162810.47546
770,2024-07-11 02:00:00,97107404.98378
771,2024-07-12 02:00:00,96673203.04684001
772,2024-07-13 02:00:00,96395031.88135
773,2024-07-14 02:00:00,96301603.2954
774,2024-07-15 02:00:00,98810453.09253
775,2024-07-16 02:00:00,103157649.3995
776,2024-07-17 02:00:00,103994467.27821
777,2024-07-18 02:00:00,106063667.55407
778,2024-07-19 02:00:00,106228917.42972
779,2024-07-20 02:00:00,107804369.21342
780,2024-07-21 02:00:00,108815614.75543
781,2024-07-22 02:00:00,107389737.47014
782,2024-07-23 02:00:00,105621174.96987
783,2024-07-24 02:00:00,104519897.31483
784,2024-07-25 02:00:00,103346101.3218
785,2024-07-26 02:00:00,98969119.31420001
786,2024-07-27 02:00:00,101633017.70713001
787,2024-07-28 02:00:00,101688283.81428
788,2024-07-29 02:00:00,101129336.41510001
789,2024-07-30 02:00:00,102286977.71128999
790,2024-07-31 02:00:00,101503555.03828998
791,2024-07-31 13:28:13,100720132.36528999
